<beans xmlns="http://www.springframework.org/schema/beans"
	xmlns:xsi="http://www.w3.org/2001/XMLSchema-instance" xmlns:context="http://www.springframework.org/schema/context"
	xsi:schemaLocation="http://www.springframework.org/schema/beans
     http://www.springframework.org/schema/beans/spring-beans-4.0.xsd
     http://www.springframework.org/schema/context
     http://www.springframework.org/schema/context/spring-context-4.0.xsd">
	<!-- <bean id="employeeservice" class="com.cg.service.EmployeeService"></bean> -->
		 
	<bean id="empdao" class="com.cg.dao.EmployeeDao">
	<property name="empList"> 
		<list>
		<ref bean="one"/>
		<ref bean="two"/>
		</list>
		</property>
	</bean>
	<bean id="one" class="com.cg.dto.Employee">
	<property name="empId" value="100"></property>
	<property name="empName" value="Rama"></property>
	<property name="empSalary" value="12345.67"></property>
	</bean>
	<bean id="two" class="com.cg.dto.Employee">
	<property name="empId" value="101"></property>
	<property name="empName" value="Babitha"></property>
	<property name="empSalary" value="985645.67"></property>
	</bean>
	<context:component-scan base-package="com.cg">
	</context:component-scan> 
</beans>