<beans xmlns="http://www.springframework.org/schema/beans"
	xmlns:xsi="http://www.w3.org/2001/XMLSchema-instance" xmlns:context="http://www.springframework.org/schema/context"
	xsi:schemaLocation="http://www.springframework.org/schema/beans
     http://www.springframework.org/schema/beans/spring-beans-4.0.xsd
     http://www.springframework.org/schema/context
     http://www.springframework.org/schema/context/spring-context-4.0.xsd">
	<bean id="sbu" class="com.cg.dto.SBU">
	<property name="sbuCode" value="12"></property>
	<property name="sbuHead" value="Kiran Rao"></property>
	<property name="sbuName" value="Product Engineering Services"></property>
	<property name="emp">
	<list>
	<ref bean="one"/>
	<ref bean="two"/>
	</list>
	</property>
	</bean>
	<bean id="one" class="com.cg.dto.Employee">
	<property name="employeeId" value="12345"></property>
	<property name="employeeName" value="Harriet"></property>
	<property name="salary" value="40000.0"></property>
	<property name="age" value="30"></property>
	</bean>
	<bean id="two" class="com.cg.dto.Employee">
	<property name="employeeId" value="123"></property>
	<property name="employeeName" value="Petter"></property>
	<property name="salary" value="35000.0"></property>
	<property name="age" value="30"></property>
	</bean>
	
</beans>